,CodeClass,Name,Accession,/home/john/projects/ns/ns/media/uploads/input_file/2019/11/23/20190628_CFMPB576run4_CF33301_01_dDTxjdW.RCC,/home/john/projects/ns/ns/media/uploads/input_file/2019/11/23/20190628_CFMPB576run4_CF33456_02_RO95ZEC.RCC,/home/john/projects/ns/ns/media/uploads/input_file/2019/11/23/20190628_CFMPB576run4_CF33461_03_W9LHxa0.RCC,/home/john/projects/ns/ns/media/uploads/input_file/2019/11/23/20190628_CFMPB576run4_CF33463_04_5TcOKL1.RCC,/home/john/projects/ns/ns/media/uploads/input_file/2019/11/23/20190628_CFMPB576run4_CF33466_05_pDWHTK3.RCC,/home/john/projects/ns/ns/media/uploads/input_file/2019/11/23/20190628_CFMPB576run4_CF33467_06_8wKrE6M.RCC,/home/john/projects/ns/ns/media/uploads/input_file/2019/11/23/20190628_CFMPB576run4_CF33501_07_EE20VNr.RCC,/home/john/projects/ns/ns/media/uploads/input_file/2019/11/23/20190628_CFMPB576run4_CF33502_08_soM9mTV.RCC,/home/john/projects/ns/ns/media/uploads/input_file/2019/11/23/20190628_CFMPB576run4_CF33504_09_REk8ct4.RCC,/home/john/projects/ns/ns/media/uploads/input_file/2019/11/23/20190628_CFMPB576run4_CF33855_10_leTLeM7.RCC,/home/john/projects/ns/ns/media/uploads/input_file/2019/11/23/20190628_CFMPB576run4_CF33856_11_qaTZRZi.RCC,/home/john/projects/ns/ns/media/uploads/input_file/2019/11/23/20190628_CFMPB576run4_CF33857_12_k6VKIU7.RCC
0,Endogenous,CCNO,NM_021147.4,8,37,13,5,9,4,22,7,15,84,31,32
1,Endogenous,MYC,NM_002467.3,96,1124,527,257,293,381,115,395,388,1212,585,1071
2,Endogenous,CD79A,NM_001783.3,223,951,36,7,553,452,141,66,21,375,115,1414
3,Endogenous,FSTL3,NM_005860.2,62,286,141,186,116,124,4,35,209,132,203,155
4,Endogenous,VCAN,NM_001126336.2,1957,2361,10155,3789,3330,5611,321,794,6234,1062,1023,2702
5,Endogenous,CX3CL1,NM_002996.3,94,237,148,114,86,148,13,209,81,213,500,231
6,Endogenous,ERBB2,NM_004448.2,61,485,71,72,51,179,163,87,123,2260,583,616
7,Endogenous,FAM124B,NM_001122779.1,38,36,44,23,35,54,12,27,71,57,65,48
8,Endogenous,AKT1,NM_005163.2,263,1116,765,465,530,921,169,192,1108,3447,1925,2795
9,Endogenous,KDR,NM_002253.2,20,61,107,59,106,122,25,21,489,157,249,244
10,Endogenous,EGF,NM_001178130.2,7,7,8,4,4,8,5,3,15,9,10,14
11,Endogenous,MAGEA12,NM_001166386.1,10,8,12,7,6,2,10,3,12,11,11,13
12,Endogenous,IFNA1,NM_024013.1,9,8,11,8,7,7,6,5,12,9,3,8
13,Endogenous,TGFB3,NM_001329938.1,800,1141,886,773,481,1075,67,301,338,126,219,235
14,Endogenous,MFGE8,NM_001114614.1,312,942,894,1322,686,1328,58,584,1666,701,1503,1424
15,Endogenous,CXCL2,NM_002089.1,372,1922,8065,1921,1847,383,156,585,4593,2479,1090,11307
16,Endogenous,CCND2,NM_001759.2,27,155,64,47,69,214,11,81,702,150,1704,656
17,Endogenous,PDZK1IP1,NM_005764.3,11,320,15,79,17,22,71,25,33,4906,696,2582
18,Endogenous,JAG2,NM_002226.4,16,34,26,14,12,42,8,22,28,17,21,13
19,Endogenous,C5,NM_001317163.1,48,91,68,46,70,74,43,35,42,112,49,106
20,Endogenous,CD79B,NM_001039933.1,11,20,12,10,28,19,4,5,22,34,17,34
21,Endogenous,CXCR2,NM_001557.3,27,16,278,46,76,18,5,18,271,43,38,66
22,Endogenous,PSMB10,NM_002801.3,100,272,126,54,96,85,91,28,145,901,434,500
23,Endogenous,ZEB1,NM_001128128.2,335,260,291,185,141,446,21,68,507,406,1194,506
24,Endogenous,ANLN,NM_018685.2,31,103,55,45,61,74,40,22,87,673,123,299
25,Endogenous,TAF3,NM_031923.3,13,13,27,11,5,17,7,15,21,32,33,24
26,Endogenous,CD276,NM_001024736.1,180,448,731,370,387,939,41,71,1265,969,631,1189
27,Endogenous,ICAM1,NM_000201.2,292,225,990,160,183,190,35,110,495,359,581,745
28,Endogenous,IL16,NM_004513.4,350,493,362,106,195,334,78,83,180,271,412,452
29,Endogenous,CXCL3,NM_002090.2,58,355,735,256,246,103,40,29,594,1034,832,3458
30,Endogenous,PRR5,NM_015366.3,33,66,41,25,37,55,6,13,36,169,66,111
31,Endogenous,CTSW,NM_001335.3,36,17,18,9,11,24,11,4,20,29,72,12
32,Endogenous,CXCR4,NM_001008540.1,1120,1674,515,402,427,163,25,167,759,1995,1003,1653
33,Endogenous,IFNGR2,NM_005534.3,118,560,869,347,470,372,94,136,971,2514,1116,1415
34,Endogenous,CDH11,NM_001797.2,508,540,766,386,249,1615,23,127,788,443,1131,1625
35,Endogenous,COL6A3,NM_004369.3,1688,1295,2876,1558,1006,4860,50,302,3884,1194,2836,2319
36,Endogenous,GZMK,NM_002104.2,146,219,22,10,83,35,30,26,30,187,410,259
37,Endogenous,IRF2,NM_002199.3,31,87,80,40,60,55,28,49,205,528,472,483
38,Endogenous,RPL7A,NM_000972.2,778,3999,1113,1016,1019,2393,305,1027,4887,24047,20012,19044
39,Endogenous,GPR160,NM_014373.1,12,202,46,18,19,16,22,9,111,2450,752,504
40,Endogenous,MICA,NM_000247.1,102,162,103,49,61,168,41,33,79,231,80,139
41,Endogenous,TAPBPL,NM_018009.4,189,472,195,96,257,160,183,78,209,655,364,767
42,Endogenous,CXCL14,NM_004887.4,23,222,285,45,10,653,78,319,51,1583,1897,1625
43,Endogenous,CD14,NM_001174105.1,277,296,1186,216,252,476,73,98,1005,252,539,461
44,Endogenous,IL18,NM_001243211.1,15,51,14,21,14,63,9,114,60,480,289,527
45,Endogenous,CLEC14A,NM_175060.1,14,52,59,35,68,86,7,19,413,129,232,167
46,Endogenous,HMGB1,NM_002128.5,12,25,10,17,11,23,1,9,68,297,133,114
47,Endogenous,KIF2C,NM_006845.2,11,31,16,10,17,29,4,6,23,314,71,96
48,Endogenous,RNLS,NM_001031709.2,33,35,34,19,24,41,7,17,32,19,125,47
49,Endogenous,RPTOR,NM_001163034.1,131,237,109,91,106,98,123,84,98,328,99,134
50,Endogenous,CD68,NM_001251.2,41,283,241,118,136,110,16,44,542,1362,364,562
51,Endogenous,CCL13,NM_005408.2,25,30,28,34,30,181,6,6,98,18,57,28
52,Endogenous,CYBB,NM_000397.3,350,869,1296,297,661,714,182,204,1491,803,924,1424
53,Endogenous,PLA2G2A,NM_000300.2,115,503,370,268,60,23,9,7,633,103,288,5431
54,Endogenous,FGF13,NM_001139498.1,10,20,16,13,7,12,6,5,36,19,145,27
55,Endogenous,CNTFR,NM_147164.2,6,9,5,5,6,3,6,7,7,15,11,7
56,Endogenous,CD244,NM_001166663.1,56,42,30,18,20,20,22,7,12,35,37,38
57,Endogenous,CSF2RB,NM_000395.2,50,129,308,84,189,52,20,28,181,70,48,117
58,Endogenous,MAP3K7,NM_003188.3,404,734,515,281,330,622,108,163,476,1589,789,804
59,Endogenous,FASLG,NM_000639.2,17,17,8,3,11,13,10,3,12,18,43,31
60,Endogenous,CD209,NM_021155.2,24,54,176,40,30,113,5,14,196,38,116,81
61,Endogenous,IRF7,NM_004029.2,65,277,273,68,88,147,50,20,119,271,116,209
62,Endogenous,PTCD2,NM_001284403.1,26,70,41,20,25,46,7,7,53,115,120,89
63,Endogenous,PIK3R2,NM_005027.3,510,1226,1086,530,537,1274,459,356,357,1707,468,785
64,Endogenous,LILRA5,NM_181879.2,66,119,1388,205,143,62,18,35,439,118,60,274
65,Endogenous,IL32,NM_004221.4,250,542,422,208,332,467,256,79,640,3285,1487,960
66,Endogenous,CCND3,NM_001136017.2,80,114,233,70,77,125,16,25,125,435,137,158
67,Endogenous,BIRC5,NM_001168.2,26,84,45,30,52,78,16,22,140,1388,189,650
68,Endogenous,LGALS9,NM_002308.3,90,402,205,78,123,187,402,33,105,630,339,191
69,Endogenous,RASAL1,NM_001193520.1,4,32,7,6,3,6,15,20,13,92,61,48
70,Endogenous,PDCD1LG2,NM_025239.3,33,30,64,25,35,50,9,14,98,34,106,84
71,Endogenous,IL11,NM_000641.3,10,10,47,71,29,22,6,10,342,62,24,121
72,Endogenous,PRKX,NM_005044.4,16,8,17,8,9,6,13,5,11,12,13,18
73,Endogenous,SNCA,NM_001146055.1,30,45,55,22,25,63,7,20,84,27,108,49
74,Endogenous,ADGRE1,NM_001256252.1,20,13,43,16,20,14,3,5,17,36,64,22
75,Endogenous,PSMB9,NM_002800.4,222,380,306,79,221,263,276,46,215,827,928,733
76,Endogenous,RUNX3,NM_001031680.2,19,33,28,9,23,18,6,7,68,46,58,95
77,Endogenous,PGPEP1,NM_001300927.1,34,77,67,39,42,84,31,31,42,144,64,81
78,Endogenous,MELK,NM_014791.2,28,72,31,35,38,31,31,23,76,524,135,215
79,Endogenous,ISG15,NM_005101.3,43,305,467,90,74,338,38,30,193,774,279,419
80,Endogenous,EIF2B4,NM_001034116.1,67,176,101,87,97,115,24,57,102,261,142,211
81,Endogenous,IRF9,NM_006084.4,170,587,371,159,221,314,146,71,276,1264,729,805
82,Endogenous,IL1A,NM_000575.3,9,9,15,14,8,5,5,18,31,27,22,24
83,Endogenous,FCRL2,NM_001159488.1,98,149,7,9,85,66,13,16,12,62,48,147
84,Endogenous,EIF4EBP1,NM_004095.3,86,143,206,82,105,337,59,65,321,955,356,775
85,Endogenous,LTBP1,NM_000627.3,752,845,862,756,755,1340,126,501,1089,646,3110,741
86,Endogenous,CD40LG,NM_000074.2,12,6,13,9,10,9,5,8,6,11,45,40
87,Endogenous,HEY1,NM_001040708.1,27,28,26,26,21,52,7,20,78,52,81,90
88,Endogenous,HLA-DQA1,NM_002122.3,1533,1560,1093,8,8,666,4,7,3168,736,5544,5
89,Endogenous,PRLR,NM_000949.5,12,20,9,8,9,9,14,8,20,51,69,15
90,Endogenous,TNFRSF11A,NM_001270949.1,12,57,31,29,23,18,25,8,54,1954,252,99
91,Endogenous,AREG,NM_001657.3,13,164,122,190,108,26,58,507,1289,2561,72,491
92,Endogenous,BBC3,NM_014417.4,105,288,279,83,133,305,61,116,82,261,249,167
93,Endogenous,EDN1,NM_001955.2,46,153,85,40,64,84,9,34,136,285,211,114
94,Endogenous,PARP12,NM_022750.3,64,145,128,35,41,107,21,22,79,436,222,259
95,Endogenous,PIK3CG,NM_001282426.1,41,54,37,22,33,35,13,5,59,101,138,123
96,Endogenous,IL4,NM_172348.1,5,9,4,16,3,4,7,5,10,5,2,6
97,Endogenous,F2RL1,NM_005242.4,7,52,16,45,13,22,11,18,43,2263,237,284
98,Endogenous,CXCL6,NM_002993.3,16,18,5747,548,1152,12,10,6,3351,440,29,1303
99,Endogenous,TNFSF18,NM_005092.3,2,9,10,5,5,3,2,17,16,19,21,95
100,Endogenous,JAK3,NM_000215.2,502,525,783,232,508,198,116,53,292,223,172,426
101,Endogenous,NKG7,NM_005601.3,649,698,217,65,394,221,68,61,69,575,492,972
102,Endogenous,TAPBP,NM_003190.4,282,967,671,269,394,499,177,109,881,1715,1362,1449
103,Endogenous,MTOR,NM_004958.3,105,243,144,92,143,108,37,51,163,372,253,314
104,Endogenous,SELP,NM_003005.3,79,102,151,48,196,117,11,43,503,113,139,138
105,Endogenous,HLA-E,NM_005516.5,500,2019,3229,823,1679,2177,218,339,2653,6819,3831,4472
106,Endogenous,GOT1,NM_002079.2,44,156,63,45,61,109,44,49,139,743,583,584
107,Endogenous,SMAP1,NM_001044305.2,166,405,289,152,164,349,100,100,335,1456,831,572
108,Endogenous,CDKN1A,NM_000389.2,143,427,338,191,138,358,37,259,893,1172,976,581
109,Endogenous,CD45RA,NM_002838.4,28,85,33,16,28,23,15,8,57,149,80,78
110,Endogenous,HNF1A,NM_000545.6,15,69,6,12,8,4,43,9,9,202,39,68
111,Endogenous,TICAM1,NM_182919.3,13,43,27,16,10,27,14,28,41,215,98,126
112,Endogenous,C1QA,NM_015991.3,84,312,290,69,119,327,31,51,292,221,626,274
113,Endogenous,CD86,NM_001206924.1,20,31,27,13,20,28,4,12,92,47,96,61
114,Endogenous,ITGA4,NM_000885.5,419,714,328,156,366,241,134,77,335,283,303,459
115,Endogenous,ROR2,NM_001318204.1,222,397,650,315,314,566,35,121,311,118,479,274
116,Endogenous,WNT7B,NM_058238.2,5,8,948,105,335,15,11,8,1430,583,223,183
117,Endogenous,FLT1,NM_002019.4,276,163,236,106,83,158,17,41,546,238,548,435
118,Endogenous,CTAG1B,NM_001327.2,4,2,5,2,6,2,1,6,11,4,1,7
119,Endogenous,CLEC7A,NM_197954.2,269,186,1821,281,357,372,132,48,435,273,216,324
120,Endogenous,TNFRSF4,NM_003327.3,6,7,8,7,11,5,7,8,11,10,6,12
121,Endogenous,MS4A6A,NM_152852.2,71,69,48,10,23,80,10,14,43,83,239,101
122,Endogenous,ANGPT2,NM_001147.2,23,36,75,33,84,68,9,22,280,113,43,117
123,Endogenous,APH1B,NM_001145646.1,11,22,11,10,19,15,5,8,73,109,133,48
124,Endogenous,RORC,NM_001001523.1,10,13,12,6,14,7,15,9,15,80,46,115
125,Endogenous,NECTIN2,NM_001042724.1,201,1193,589,388,410,341,113,207,764,2649,926,1270
126,Endogenous,DPP4,NM_001935.3,23,53,283,32,41,161,10,13,382,363,89,88
127,Endogenous,CCL2,NM_002982.3,434,1813,3097,905,1095,2034,195,1577,1975,813,2912,3523
128,Endogenous,NF1,NM_000267.3,227,412,316,126,164,320,113,107,250,1139,357,693
129,Endogenous,S100A9,NM_002965.3,172,220,10417,1039,1323,1495,82,7925,5116,602,739,1743
130,Endogenous,NFKBIA,NM_020529.2,765,1781,2821,820,1177,508,148,499,2765,4599,3127,3935
131,Endogenous,BNIP3L,NM_001330491.1,15,92,54,59,29,76,13,30,351,464,982,319
132,Endogenous,CST2,NM_001322.2,9,22,22,6,5,11,5,11,23,28,27,176
133,Endogenous,APOL6,NM_030641.3,353,779,496,170,478,394,236,100,292,779,665,983
134,Endogenous,BRD4,NM_001330384.1,421,852,841,376,437,555,313,209,400,1063,442,739
135,Endogenous,SLC16A1,NM_003051.3,19,141,40,43,30,56,58,24,213,1652,939,414
136,Endogenous,THBD,NM_000361.2,145,273,590,210,160,183,79,118,400,238,102,155
137,Endogenous,TIGIT,NM_173799.2,32,30,37,7,32,26,6,7,41,51,46,115
138,Endogenous,VSIR,NM_022153.1,147,222,393,109,127,183,114,63,177,382,209,225
139,Endogenous,TRIM21,NM_003141.3,37,121,94,47,76,82,46,21,79,256,252,298
140,Endogenous,NBN,NM_002485.4,315,351,300,129,164,339,68,72,404,1088,1111,1004
141,Endogenous,WNT4,NM_030761.4,10,18,11,8,7,15,8,14,18,69,28,17
142,Endogenous,CXCL8,NM_000584.3,31,109,13608,1552,463,73,26,43,4210,997,196,3895
143,Endogenous,FGF9,NM_002010.2,9,6,15,4,8,6,4,2,11,18,12,10
144,Endogenous,C5AR1,NM_001736.3,40,154,514,204,234,69,10,56,199,79,36,73
145,Endogenous,TNFRSF1B,NM_001066.2,140,237,1116,160,253,117,71,74,581,403,251,551
146,Endogenous,HLA-DRB5,NM_002125.3,2682,4417,13,7,7,5,1,8,2249,3433,17857,13
147,Endogenous,GLUL,NM_002065.6,2070,6557,16148,6882,5798,2411,1326,1759,7388,4640,6010,5550
148,Endogenous,LY9,NM_001033667.2,35,46,22,14,17,27,5,11,17,79,49,63
149,Endogenous,TAP1,NM_000593.5,95,217,281,55,136,206,61,34,330,916,940,681
150,Endogenous,IFIH1,NM_022168.3,159,423,351,63,118,352,69,44,191,400,460,412
151,Endogenous,DEPTOR,NM_001283012.1,35,206,23,38,24,61,32,25,53,460,855,271
152,Endogenous,CSF1R,NM_005211.3,217,208,457,110,127,349,22,36,651,282,1225,504
153,Endogenous,MARCO,NM_006770.3,16,20,178,28,33,39,6,7,107,17,8,52
154,Endogenous,NFIL3,NM_001289999.1,580,845,1255,506,470,227,55,458,1108,740,593,694
155,Endogenous,IKBKG,NM_001099856.4,60,201,125,103,82,75,57,51,74,229,66,163
156,Endogenous,CD58,NM_001144822.1,36,78,58,20,42,19,23,11,32,183,57,68
157,Endogenous,LOXL2,NM_002318.2,31,29,51,52,60,60,12,12,102,53,47,64
158,Endogenous,SPRY4,NM_030964.3,4,41,77,67,50,45,13,23,206,272,131,262
159,Endogenous,NFAM1,NM_145912.5,23,30,77,17,22,37,12,6,53,33,34,24
160,Endogenous,SYK,NM_003177.5,170,395,281,100,111,148,164,43,172,648,328,440
161,Endogenous,COMP,NM_000095.2,12,62,45,76,13,142,7,18,74,10,30,115
162,Endogenous,IFI6,NM_002038.3,76,274,155,64,153,276,61,24,153,985,858,577
163,Endogenous,RASGRF1,NM_001145648.1,7,15,9,2,7,14,2,8,12,14,18,25
164,Endogenous,HDAC5,NM_001015053.1,98,109,94,66,84,124,22,73,100,180,157,120
165,Endogenous,BAMBI,NM_012342.2,8,55,22,23,17,20,12,9,76,276,64,71
166,Endogenous,MAGEC1,NM_005462.4,6,4,3,8,3,12,4,13,8,10,9,3
167,Endogenous,FYN,NM_002037.5,313,605,669,260,420,373,35,88,408,299,398,430
168,Endogenous,TNFSF4,NM_001297562.1,21,23,21,13,16,24,11,9,52,34,86,88
169,Endogenous,CD274,NM_014143.3,57,118,249,77,111,71,68,22,51,53,43,80
170,Endogenous,PRKACB,NM_182948.2,34,99,30,26,25,54,12,18,147,158,477,113
171,Endogenous,IFIT2,NM_001547.4,16,63,119,18,20,60,8,11,68,130,140,60
172,Endogenous,PPARG,NM_005037.5,38,189,38,33,19,42,132,12,34,1502,415,348
173,Endogenous,PTEN,NM_000314.6,27,46,58,23,32,85,5,25,190,337,593,222
174,Endogenous,FOXP3,NM_014009.3,15,28,46,17,55,26,5,3,54,32,15,80
175,Endogenous,SREBF1,NM_001005291.1,229,473,239,134,102,200,154,124,200,1258,632,544
176,Endogenous,CD36,NM_001001548.2,106,117,197,76,153,359,85,54,474,110,587,139
177,Endogenous,AXIN1,NM_181050.1,62,190,116,64,114,108,51,35,61,497,96,142
178,Endogenous,KLRK1,NM_007360.3,176,114,24,11,46,52,13,9,37,131,157,163
179,Endogenous,GBP1,NM_002053.2,410,458,316,85,164,332,108,136,205,455,829,595
180,Endogenous,CXCL11,NM_005409.4,10,34,6,8,6,6,23,2,23,39,319,110
181,Endogenous,CXCL10,NM_001565.3,24,320,24,17,107,80,144,21,41,143,865,793
182,Endogenous,RIPK1,NM_003804.3,77,116,88,32,36,102,76,31,75,285,140,137
183,Endogenous,REN,NM_000537.3,10,11,8,8,7,4,3,3,6,8,9,6
184,Endogenous,PRF1,NM_001083116.1,107,73,56,20,62,20,41,11,55,73,71,99
185,Endogenous,EIF2AK2,NM_001135652.2,115,538,363,144,212,377,85,57,361,1177,790,820
186,Endogenous,LIF,NM_002309.4,52,347,775,273,85,109,11,36,150,497,71,380
187,Endogenous,BRD3,NM_007371.3,151,679,322,155,251,326,44,93,306,1156,423,736
188,Endogenous,IGF2R,NM_000876.2,46,77,146,59,50,102,17,28,278,940,272,293
189,Endogenous,FPR1,NM_002029.3,112,256,3135,465,647,192,42,69,1820,294,166,551
190,Endogenous,DUSP5,NM_004419.3,1150,3693,2283,1658,1094,897,210,2337,1117,2314,585,3491
191,Endogenous,APC,NM_001127510.2,307,558,464,144,286,544,102,105,410,786,606,524
192,Endogenous,HDAC3,NM_003883.3,78,195,186,89,163,174,36,76,167,368,235,252
193,Endogenous,CES3,NM_001185176.1,21,74,8,10,8,7,85,13,14,45,95,119
194,Endogenous,OAS2,NM_016817.2,118,634,346,96,201,425,223,43,244,1163,570,604
195,Endogenous,HDAC11,NM_001330636.1,24,57,26,26,25,47,15,18,54,526,155,163
196,Endogenous,THBS1,NM_003246.2,1775,5199,8096,5062,2173,4611,26,3262,14404,1039,13472,4284
197,Endogenous,SLC11A1,NM_000578.3,71,69,1094,444,331,53,22,19,341,60,18,119
198,Endogenous,MAGEA3/A6,NM_005362.3,5,13,8,16,2,2,5,5,12,2,13,11
199,Endogenous,ARID1A,NM_006015.4,65,90,91,51,52,115,23,30,233,351,491,314
200,Endogenous,CD48,NM_001778.3,66,64,75,15,37,39,9,15,93,80,183,204
201,Endogenous,GZMA,NM_006144.3,47,39,19,7,17,29,12,6,20,104,233,186
202,Endogenous,ICOSLG,NM_015259.4,79,90,72,42,31,68,38,24,85,193,153,122
203,Endogenous,PIK3R5,NM_014308.3,60,87,172,80,110,80,18,20,167,84,64,97
204,Endogenous,GZMM,NM_005317.2,37,68,32,4,32,11,11,10,8,20,36,16
205,Endogenous,WNT5A,NM_003392.3,35,223,2227,348,322,383,53,91,1176,714,158,1382
206,Endogenous,TLR4,NR_024168.1,211,291,2089,324,395,493,49,72,593,259,336,414
207,Endogenous,GZMB,NM_004131.4,12,17,21,8,15,7,12,5,40,28,28,52
208,Endogenous,PARP9,NM_001146103.1,103,193,155,66,75,168,54,38,231,848,598,519
209,Endogenous,LY96,NM_001195797.1,169,237,386,87,156,297,13,42,408,257,399,484
210,Endogenous,RAD50,NM_005732.3,154,294,140,88,81,253,33,71,208,782,760,572
211,Endogenous,MX1,NM_001144925.2,53,367,216,49,93,214,110,23,77,413,370,175
212,Endogenous,CENPF,NM_016343.3,14,36,17,13,21,11,13,7,59,280,49,107
213,Endogenous,SELL,NM_000655.4,22,29,286,42,68,19,15,16,270,35,58,78
214,Endogenous,TNFSF10,NM_003810.3,63,312,340,90,173,294,32,26,567,2538,1361,715
215,Endogenous,IL12RB2,NM_001319233.1,17,20,16,6,18,7,3,8,22,18,28,43
216,Endogenous,CXCL9,NM_002416.2,72,142,13,11,104,52,18,14,29,106,499,821
217,Endogenous,TRAT1,NM_016388.3,61,51,14,6,19,14,7,9,12,62,67,72
218,Endogenous,STC1,NM_003155.2,20,43,41,46,16,19,11,18,107,128,26,66
219,Endogenous,IL2RB,NM_000878.2,25,47,34,19,32,38,11,10,111,88,75,171
220,Endogenous,LILRB4,NM_001278426.3,84,290,536,95,136,167,42,29,182,91,104,206
221,Endogenous,SOX2,NM_003106.2,15,314,17,24,22,23,248,28,13,41,138,84
222,Endogenous,HCK,NM_001172129.1,185,269,1694,279,444,187,38,70,794,218,246,541
223,Endogenous,WNT2B,NM_001291880.1,739,545,322,73,55,151,42,154,40,217,302,138
224,Endogenous,IL1B,NM_000576.2,8,40,317,55,36,9,11,15,262,162,42,465
225,Endogenous,TLR1,NM_003263.3,47,58,539,48,67,95,9,21,210,89,137,217
226,Endogenous,CCL22,NM_002990.3,7,22,10,8,42,15,8,11,332,32,36,154
227,Endogenous,ICAM2,NM_000873.3,41,87,40,23,42,56,7,13,178,124,170,238
228,Endogenous,MAP3K12,NM_006301.3,142,75,106,56,77,86,20,43,42,32,26,27
229,Endogenous,JAG1,NM_000214.2,116,222,182,176,121,394,49,119,570,1193,1104,769
230,Endogenous,CCL3/L1,NM_021006.5,17,42,215,34,26,33,10,50,180,25,61,65
231,Endogenous,SOCS1,NM_003745.1,8,29,40,19,32,21,10,14,117,79,112,103
232,Endogenous,BCL2,NM_000633.2,27,95,34,26,46,34,10,21,59,34,99,61
233,Endogenous,MAP3K8,NM_001244134.1,169,376,492,217,179,341,21,70,691,516,402,609
234,Endogenous,MMP1,NM_002421.2,23,82,7181,1098,1712,255,6,11,28183,2718,213,5908
235,Endogenous,CMKLR1,NM_004072.2,111,115,241,34,96,184,17,26,170,96,198,186
236,Endogenous,TNFRSF17,NM_001192.2,14,152,15,7,70,52,18,6,18,124,51,516
237,Endogenous,TLR8,NM_138636.4,23,30,105,22,28,106,10,64,148,56,69,91
238,Endogenous,TPM1,NM_000366.5,3455,3306,2287,2133,1516,2501,840,1809,2562,6809,10105,2034
239,Endogenous,CXorf36,NM_024689.2,46,255,133,92,220,143,13,82,345,199,124,153
240,Endogenous,NLRP3,NM_001079821.2,50,76,208,78,65,27,4,26,72,37,24,31
241,Endogenous,DEFB134,NM_001302695.1,5,3,9,7,9,10,5,4,14,9,11,9
242,Endogenous,HLA-DQA2,NM_020056.4,8,16,10,6,4,7,5,8,27,13,15,9
243,Endogenous,CX3CR1,NM_001171171.1,14,10,10,11,9,7,11,11,32,34,52,24
244,Endogenous,APLNR,NM_005161.4,279,554,941,319,819,493,46,223,432,316,63,206
245,Endogenous,MXI1,NM_001008541.1,14,41,21,29,21,20,12,18,73,61,123,75
246,Endogenous,FZD9,NM_003508.2,7,7,3,6,5,6,3,2,7,18,4,4
247,Endogenous,COL4A5,NM_000495.4,89,144,36,108,107,84,33,105,120,122,308,114
248,Endogenous,FCAR,NM_133278.2,18,38,768,168,240,12,12,24,271,45,16,88
249,Endogenous,BRCA2,NM_000059.3,35,52,59,13,24,96,14,14,75,191,72,208
250,Endogenous,SFRP4,NM_003014.2,196,300,1894,747,133,2990,8,60,253,25,153,2079
251,Endogenous,TLR3,NM_003265.2,19,135,54,24,24,69,51,17,55,169,428,288
252,Endogenous,IL2RG,NM_000206.1,52,165,117,32,108,88,27,14,292,581,362,635
253,Endogenous,CD84,NM_001184879.1,226,217,214,68,174,175,29,40,242,142,200,232
254,Endogenous,HLA-DPA1,NM_033554.2,198,375,228,76,147,232,45,33,1171,915,6756,1118
255,Endogenous,RBL2,NM_001323611.1,282,253,249,122,169,433,38,79,380,1341,1080,804
256,Endogenous,CCL18,NM_002988.3,53,138,370,79,196,273,24,37,356,54,31,80
257,Endogenous,IRF3,NM_001197122.1,242,587,364,139,215,280,132,119,125,628,266,421
258,Endogenous,TNFRSF8,NM_001243.3,10,13,22,28,34,15,7,7,10,15,9,21
259,Endogenous,KIR3DL2,NM_006737.2,6,5,6,8,13,4,3,3,7,5,1,10
260,Endogenous,TNFSF13,NM_003808.3,218,455,432,141,157,210,254,112,194,737,210,336
261,Endogenous,CLECL1,NM_172004.3,18,54,36,12,27,47,11,12,15,29,51,54
262,Endogenous,TNFRSF10B,NM_003842.3,364,760,630,374,343,355,108,145,244,1465,248,467
263,Endogenous,MAGEC2,NM_016249.3,3,5,7,8,2,2,1,7,2,6,1,5
264,Endogenous,CDKN2A,NM_000077.4,93,93,69,72,74,70,89,72,71,75,75,153
265,Endogenous,ADM,NM_001124.2,145,548,2159,394,206,252,7,153,544,173,295,343
266,Endogenous,PNOC,NM_001284244.1,27,45,7,7,35,10,12,12,86,24,6,59
267,Endogenous,CD247,NM_198053.2,24,50,23,11,31,11,11,8,25,37,62,67
268,Endogenous,PTPRC,NM_080921.3,181,271,490,99,200,114,16,42,397,218,264,454
269,Endogenous,OAS3,NM_006187.3,119,602,492,131,196,361,618,60,111,706,216,312
270,Endogenous,LAG3,NM_002286.5,64,63,42,10,44,37,23,11,44,58,81,122
271,Endogenous,FOSL1,NM_005438.3,15,165,169,103,39,90,16,469,128,2559,163,579
272,Endogenous,EOMES,NM_001278182.1,3,10,9,5,10,6,4,5,10,18,27,26
273,Endogenous,IL10RA,NM_001558.2,570,494,513,154,378,319,78,57,244,318,351,553
274,Endogenous,WDR76,NM_024908.3,5,20,19,7,18,21,10,12,32,69,43,79
275,Endogenous,GPC4,NM_001448.2,19,42,31,40,16,47,10,22,74,473,495,162
276,Endogenous,SLAMF7,NM_021181.3,101,123,27,7,45,79,41,15,12,100,55,315
277,Endogenous,RSAD2,NM_080657.4,64,400,635,66,89,346,375,25,94,223,173,206
278,Endogenous,TLR5,NM_003268.5,19,25,43,17,19,32,10,6,42,111,114,65
279,Endogenous,VEGFA,NM_001171623.1,640,2198,2348,2037,553,345,1073,358,574,1726,283,616
280,Endogenous,COL5A1,NM_000093.4,520,729,1951,974,910,2390,65,275,1782,512,1462,1071
281,Endogenous,CD3D,NM_000732.4,42,91,46,14,75,37,18,8,133,108,234,394
282,Endogenous,FBP1,NM_001127628.1,62,880,175,81,56,119,596,28,186,5513,1721,1125
283,Endogenous,ERO1A,NM_014584.2,90,252,113,86,44,144,22,303,360,2076,1046,1561
284,Endogenous,CCL21,NM_002989.2,438,642,39,375,68,626,23,84,52,30,368,67
285,Endogenous,E2F3,NM_001243076.2,40,98,112,45,48,141,6,31,170,580,186,225
286,Endogenous,LDHA,NM_001135239.1,117,581,310,383,232,480,38,381,2337,4072,3697,4477
287,Endogenous,MS4A1,NM_021950.3,13,63,19,21,26,19,16,14,26,26,62,32
288,Endogenous,CD69,NM_001781.2,191,250,2436,224,188,65,35,173,658,170,228,246
289,Endogenous,SERPINB5,NM_002639.4,28,271,17,113,15,230,53,437,23,6611,31,545
290,Endogenous,FAP,NM_004460.2,31,77,314,126,114,257,7,20,747,81,105,307
291,Endogenous,ITGA2,NM_002203.3,24,331,113,124,32,158,24,41,171,1440,322,417
292,Endogenous,SIGLEC5,NM_003830.3,8,12,81,27,27,11,12,9,36,20,14,29
293,Endogenous,SIRPB2,NM_001134836.1,22,54,128,15,48,48,5,10,106,70,50,71
294,Endogenous,EPM2AIP1,NM_014805.3,161,271,153,75,107,231,38,59,223,483,614,669
295,Endogenous,FGF18,NM_003862.2,19,30,17,12,7,25,7,15,48,21,16,42
296,Endogenous,HRAS,NM_005343.3,223,477,351,267,250,254,262,186,164,392,134,410
297,Endogenous,CCND1,NM_053056.2,86,464,404,137,145,386,167,85,631,1260,572,1157
298,Endogenous,LAMB3,NM_000228.2,11,507,46,354,50,128,149,79,169,3979,532,618
299,Endogenous,ID4,NM_001546.3,27,127,36,44,24,113,14,50,162,60,1071,179
300,Endogenous,CCL4,NM_002984.2,79,302,579,130,234,53,22,223,154,258,142,171
301,Endogenous,GZMH,NM_033423.3,38,53,6,4,16,16,10,8,6,50,42,78
302,Endogenous,API5,NM_001142930.1,147,363,132,114,79,258,54,66,510,1582,1338,1527
303,Endogenous,PTGER4,NM_000958.2,88,296,103,45,53,51,44,52,103,746,241,166
304,Endogenous,ITGB8,NM_002214.2,92,173,145,95,75,329,22,119,162,977,813,346
305,Endogenous,TNKS,NM_003747.2,228,337,189,79,102,224,82,70,189,703,399,331
306,Endogenous,B2M,NM_004048.2,22804,68504,22076,7251,19254,17026,29282,3127,18102,85620,59683,46516
307,Endogenous,TP53,NM_000546.2,36,109,74,53,94,114,36,41,259,997,607,344
308,Endogenous,MAGEB2,NM_002364.4,11,42,13,13,12,8,16,5,29,32,57,21
309,Endogenous,LYZ,NM_000239.2,1913,28926,3781,5689,2754,2515,12153,368,6710,71812,178726,7264
310,Endogenous,NCAM1,NM_000615.6,15,79,14,47,36,15,12,14,80,47,191,15
311,Endogenous,TCL1A,NM_001098725.1,7,13,14,10,10,5,6,2,20,15,18,14
312,Endogenous,HDC,NM_002112.3,42,97,52,36,42,103,25,19,103,138,485,100
313,Endogenous,CD27,NM_001242.4,48,235,39,15,102,124,44,38,56,269,126,451
314,Endogenous,SBNO2,NM_001100122.1,211,517,775,375,470,185,145,90,267,421,163,523
315,Endogenous,PECAM1,NM_000442.4,157,413,474,194,371,553,11,76,2096,640,1277,1478
316,Endogenous,SERPINH1,NM_001207014.1,13,59,63,52,38,122,5,8,433,316,314,241
317,Endogenous,SPP1,NM_000582.2,17,261,962,185,185,57,4,9,1543,99,60,606
318,Endogenous,EGFR,NM_005228.3,152,281,151,87,74,157,62,78,94,508,398,199
319,Endogenous,CASP8,NM_001228.4,87,258,134,50,115,97,42,21,94,446,192,321
320,Endogenous,CCNA1,NM_001111045.1,11,16,9,8,9,6,3,14,12,21,31,7
321,Endogenous,TNFAIP3,NM_001270508.1,89,253,357,96,202,53,24,61,461,419,152,312
322,Endogenous,CDC25C,NM_001790.4,5,9,7,6,5,4,7,1,10,48,34,40
323,Endogenous,CXCR6,NM_006564.1,70,57,36,12,38,32,12,14,38,50,94,87
324,Endogenous,DLL1,NM_005618.3,267,211,816,147,136,205,34,117,117,474,95,179
325,Endogenous,OAS1,NM_001032409.1,208,1036,247,83,152,424,1929,46,95,1597,583,413
326,Endogenous,HLA-DQB1,NM_002123.3,458,587,242,2,4,201,6,3,1005,453,1975,10
327,Endogenous,ROBO4,NM_019055.5,20,34,42,19,26,49,6,10,86,71,69,61
328,Endogenous,NFKB1,NM_003998.3,122,335,394,117,206,248,55,74,560,1318,865,1115
329,Endogenous,IFI27,NM_005532.3,195,1413,397,226,267,1196,746,89,637,10924,9327,1453
330,Endogenous,HLA-DMB,NM_002118.3,88,133,151,35,90,152,40,15,317,449,845,368
331,Endogenous,CDKN1C,NM_000076.2,49,83,66,42,20,70,10,27,148,101,662,109
332,Endogenous,CEP55,NM_018131.3,53,225,85,58,139,95,39,21,101,850,109,498
333,Endogenous,ARG1,NM_000045.3,7,12,27,6,15,3,6,3,10,9,10,3
334,Endogenous,PLOD2,NM_182943.2,84,174,223,152,123,304,10,53,578,299,587,460
335,Endogenous,LAIR1,NM_001289023.2,163,189,328,98,111,108,38,44,247,148,160,216
336,Endogenous,SHC2,NM_012435.2,265,309,111,120,104,135,123,60,25,132,118,54
337,Endogenous,STAT3,NM_003150.3,77,275,188,166,110,293,13,71,1061,2317,2259,1694
338,Endogenous,CD45RO,NM_080921.3,174,232,564,89,231,137,37,33,784,250,586,799
339,Endogenous,CD2,NM_001767.3,35,58,58,20,38,37,10,11,65,60,132,131
340,Endogenous,IL7R,NM_002185.3,44,300,520,124,267,59,11,16,1312,183,207,356
341,Endogenous,FLNB,NM_001164319.1,275,814,607,412,413,626,321,247,481,2163,1153,1863
342,Endogenous,PSMB5,NM_001130725.1,75,355,151,96,93,193,46,72,533,1757,815,1321
343,Endogenous,SLC1A5,NM_001145144.1,72,222,80,41,45,171,28,40,308,1976,499,1056
344,Endogenous,RICTOR,NM_001285439.1,207,282,246,107,172,314,53,79,310,763,646,586
345,Endogenous,ZAP70,NM_001079.3,218,302,78,16,154,43,31,17,38,117,135,204
346,Endogenous,TNFAIP6,NM_007115.3,68,381,2484,841,767,483,13,98,1169,154,159,454
347,Endogenous,BTLA,NM_001085357.1,9,13,8,9,8,8,5,1,13,15,23,29
348,Endogenous,RELA,NM_021975.3,112,303,211,102,128,167,64,80,216,822,393,674
349,Endogenous,MMP7,NM_002423.3,5,260,3,28,7,348,10,6,385,2838,1037,253
350,Endogenous,TCF3,NM_003200.3,112,198,119,74,148,154,100,35,147,351,187,334
351,Endogenous,IRF8,NM_002163.2,34,106,56,27,26,47,14,14,89,710,285,474
352,Endogenous,NOS2,NM_000625.4,5,8,4,3,6,4,5,2,5,12,11,2
353,Endogenous,A2M,NM_000014.4,3331,5426,2400,1416,1180,3409,55,1110,6039,3318,11021,4777
354,Endogenous,CCL20,NM_001130046.1,6,22,22,26,30,3,6,7,94,242,1231,425
355,Endogenous,MKI67,NM_002417.2,135,703,145,114,264,248,75,40,180,2391,365,1610
356,Endogenous,IFNGR1,NM_000416.2,772,1537,2355,732,993,821,418,239,1625,5550,1608,1847
357,Endogenous,INHBA,NM_002192.2,4,36,85,68,57,86,7,7,354,25,170,243
358,Endogenous,WNT5B,NM_030775.2,65,190,215,96,92,66,51,48,114,145,72,117
359,Endogenous,CXCL5,NM_002994.4,21,12,3401,401,1170,26,5,7,4980,1698,822,508
360,Endogenous,SOX10,NM_006941.3,4,20,12,11,6,3,5,7,16,11,79,9
361,Endogenous,EGR1,NM_001964.2,139,873,1106,427,209,819,37,941,2947,6533,4491,1848
362,Endogenous,STAT4,NM_001243835.1,281,560,449,150,286,135,70,43,125,186,146,178
363,Endogenous,IFIT3,NM_001031683.3,42,196,599,59,86,229,49,22,198,272,312,270
364,Endogenous,GMIP,NM_001288998.1,40,123,150,53,85,40,32,20,43,114,43,71
365,Endogenous,ARNT2,NM_014862.3,48,51,79,34,22,80,5,12,89,140,240,96
366,Endogenous,UBE2C,NM_007019.2,15,95,31,18,26,73,10,15,89,2268,154,474
367,Endogenous,CHUK,NM_001278.4,381,741,803,358,469,525,218,252,374,1220,341,1017
368,Endogenous,GHR,NM_000163.2,14,13,12,10,17,24,11,10,21,22,98,16
369,Endogenous,TPI1,NM_000365.5,1008,1943,1833,755,584,976,467,582,1691,4816,1969,4728
370,Endogenous,HAVCR2,NM_032782.3,21,37,27,22,22,27,29,16,126,49,73,95
371,Endogenous,GOT2,NM_002080.3,42,208,94,76,42,131,44,52,220,1566,877,956
372,Endogenous,PIK3CA,NM_006218.2,67,162,75,56,53,150,29,45,222,653,495,417
373,Endogenous,TNFSF9,NM_003811.3,10,38,23,20,20,13,20,34,24,30,23,27
374,Endogenous,IDO1,NM_002164.5,156,395,143,62,205,36,167,59,182,210,282,767
375,Endogenous,APOE,NM_000041.2,1127,1437,1663,477,506,710,838,198,428,756,776,527
376,Endogenous,LILRB2,NM_001278405.1,180,128,986,145,194,100,58,44,356,98,111,247
377,Endogenous,PARP4,NM_006437.3,72,123,95,75,76,148,64,59,190,1085,527,557
378,Endogenous,PFKM,NM_000289.5,39,55,52,37,26,65,28,52,85,91,214,99
379,Endogenous,THY1,NM_006288.3,385,1115,1950,748,806,1369,29,140,3934,528,998,1303
380,Endogenous,SAMD9,NM_017654.3,75,304,133,56,52,202,73,94,196,1161,321,670
381,Endogenous,TGFB1,NM_000660.4,893,3227,3290,1678,2705,2018,220,889,1533,1819,1275,2046
382,Endogenous,CD8A,NM_001768.6,172,311,62,20,202,112,22,40,33,291,206,339
383,Endogenous,SELE,NM_000450.2,270,151,788,240,783,136,55,111,2108,654,55,939
384,Endogenous,CDKN2B,NM_004936.3,24,77,25,13,12,49,27,54,50,28,79,140
385,Endogenous,CD5,NM_001346456.1,32,56,39,21,31,32,32,34,59,48,130,146
386,Endogenous,HLA-A,NM_002116.7,1316,4843,4573,941,424,2884,2650,326,5301,8877,16789,10304
387,Endogenous,FZD8,NM_031866.1,20,37,23,29,15,26,28,25,56,47,61,87
388,Endogenous,BCL2L1,NM_001191.3,87,429,294,144,196,435,54,97,379,2386,707,1924
389,Endogenous,TNFRSF9,NM_001561.5,24,43,20,19,32,36,27,25,62,60,56,90
390,Endogenous,XCL1/2,NM_002995.2,26,23,14,17,15,15,24,17,17,22,36,44
391,Endogenous,MAGEA4,NM_001011548.1,14,17,9,11,14,7,15,17,9,17,16,26
392,Endogenous,PMS2,NM_000535.6,63,156,86,35,61,104,38,36,103,282,149,253
393,Endogenous,KLRD1,NM_002262.3,142,153,197,79,199,173,38,26,150,177,105,173
394,Endogenous,NFATC2,NM_173091.2,131,784,106,181,170,285,63,62,166,690,256,331
395,Endogenous,VEGFB,NM_003377.3,124,140,152,106,62,399,29,57,205,233,483,328
396,Endogenous,CDC20,NM_001255.1,17,44,9,17,13,34,24,26,43,415,77,111
397,Endogenous,OTOA,NM_001161683.1,17,24,23,21,21,15,27,25,21,33,21,33
398,Endogenous,TPSAB1/B2,NM_003294.3,134,305,82,124,84,313,35,238,693,1391,1974,909
399,Endogenous,P4HA1,NM_000917.3,50,84,59,42,42,85,38,45,219,334,360,415
400,Endogenous,P2RY13,NM_023914.2,15,18,128,25,22,21,20,14,143,55,95,109
401,Endogenous,EXO1,NM_006027.3,12,37,17,18,19,12,22,22,34,184,39,59
402,Endogenous,CD70,NM_001252.3,25,25,23,13,30,19,33,34,47,33,26,73
403,Endogenous,DDB2,NM_000107.2,1146,1716,1408,796,1110,1498,449,910,414,742,672,722
404,Endogenous,NDUFA4L2,NM_020142.3,31,40,39,26,37,70,26,57,160,52,38,96
405,Endogenous,IFITM1,NM_003641.3,90,305,445,138,207,237,39,52,1054,569,1324,1981
406,Endogenous,IFNAR1,NM_000629.2,54,165,220,74,87,174,33,44,351,860,745,507
407,Endogenous,TREM1,NM_001242589.2,20,36,480,113,131,24,15,40,569,84,33,154
408,Endogenous,CXCL13,NM_006419.2,11,260,110,37,349,13,16,10,435,31,463,406
409,Endogenous,TWIST2,NM_001271893.3,7,13,14,13,5,3,11,12,14,8,6,9
410,Endogenous,HLA-DRB1,NM_002124.3,1172,3463,1415,276,675,1463,182,247,4771,2525,8046,964
411,Endogenous,FGFR1,NM_001174064.1,289,321,289,182,147,398,64,130,237,130,453,206
412,Endogenous,TBXAS1,NM_001061.4,143,234,424,159,214,195,125,64,295,874,336,415
413,Endogenous,NCR1,NM_001145457.2,48,93,83,38,93,33,71,30,39,54,57,64
414,Endogenous,SOX11,NM_003108.3,15,13,12,17,12,16,25,16,43,21,23,15
415,Endogenous,TLR2,NM_001318787.1,226,191,773,221,243,150,49,41,670,345,201,328
416,Endogenous,TWF1,NM_002822.4,161,847,688,234,283,704,86,192,1045,5938,1573,1891
417,Endogenous,CCL5,NM_002985.2,947,856,275,85,397,338,210,92,179,857,859,1123
418,Endogenous,ITGAL,NM_002209.2,162,194,136,32,115,42,35,41,102,139,183,232
419,Endogenous,MYCT1,NM_025107.2,31,49,31,16,43,36,31,32,108,53,125,60
420,Endogenous,CD96,NM_005816.4,187,239,80,18,104,58,64,37,50,98,156,165
421,Endogenous,PROM1,NM_001145847.1,49,192,25,39,17,20,47,20,51,1961,1088,1648
422,Endogenous,OASL,NM_003733.2,49,189,202,64,77,111,207,42,40,1073,167,141
423,Endogenous,IFNG,NM_000619.2,22,21,14,14,13,16,27,19,19,21,33,50
424,Endogenous,BATF3,NM_018664.2,78,82,70,56,43,69,42,57,87,66,77,98
425,Endogenous,EZH2,NM_004456.4,54,175,75,41,52,84,29,36,101,381,120,371
426,Endogenous,IRF5,NM_002200.3,38,70,57,29,53,43,37,35,68,73,65,105
427,Endogenous,PCK2,NM_001018073.2,43,121,78,28,35,75,62,27,108,477,107,233
428,Endogenous,EPCAM,NM_002354.2,47,1012,27,107,10,168,155,36,642,15446,1360,3123
429,Endogenous,CD19,NM_001770.4,20,114,18,18,51,44,29,32,27,48,43,100
430,Endogenous,GBP4,NM_052941.4,130,216,99,35,92,123,99,43,120,191,650,508
431,Endogenous,MSH6,NM_000179.2,52,148,92,51,63,97,49,55,92,271,168,260
432,Endogenous,TNFRSF11B,NM_002546.3,26,46,175,143,72,37,18,30,224,338,37,152
433,Endogenous,NOTCH1,NM_017617.3,89,350,295,128,187,187,31,98,195,252,165,206
434,Endogenous,CASP9,XM_011542270.1,116,301,138,101,84,95,44,96,94,716,163,203
435,Endogenous,RAD51C,NM_058216.2,57,83,92,38,41,85,40,46,65,140,76,131
436,Endogenous,HLA-DMA,NM_006120.3,865,2227,1727,599,737,894,547,218,1059,3521,2643,2583
437,Endogenous,SFRP1,NM_003012.3,94,282,62,45,31,15,23,26,71,15,275,36
438,Endogenous,MAGEA1,NM_004988.4,16,19,20,11,12,9,16,24,9,26,17,20
439,Endogenous,ENTPD1,NM_001098175.1,251,400,389,152,264,539,53,117,912,534,640,872
440,Endogenous,ROCK1,NM_005406.2,219,300,208,126,119,182,84,114,234,739,489,459
441,Endogenous,FCGR2A,NM_021642.3,1117,952,8502,1469,1604,1029,148,312,4006,1101,805,2088
442,Endogenous,NGFR,NM_002507.3,34,57,59,72,33,18,19,38,44,20,124,30
443,Endogenous,ALDOC,NM_005165.2,45,71,51,38,30,32,34,50,49,175,285,194
444,Endogenous,CCNE1,NM_001238.1,15,60,39,22,31,50,28,19,62,161,53,135
445,Endogenous,ITGAX,NM_000887.4,679,1215,4972,1991,1450,473,134,193,1236,621,267,823
446,Endogenous,BLM,NM_000057.3,22,32,22,20,20,9,15,21,42,86,37,119
447,Endogenous,MLANA,NM_005511.1,21,34,23,19,9,19,39,33,30,24,28,28
448,Endogenous,FCGR1A,NM_000566.3,67,57,152,32,53,53,31,32,88,52,63,168
449,Endogenous,CD47,NM_001777.3,128,252,173,112,77,325,32,80,558,1814,1515,1656
450,Endogenous,CSF2,NM_000758.3,15,19,314,49,58,25,17,19,86,42,32,95
451,Endogenous,CDH5,NM_001795.3,31,96,88,55,134,64,24,47,416,145,201,175
452,Endogenous,SLC7A5,NM_003486.6,39,171,64,49,56,88,22,38,128,257,104,635
453,Endogenous,GIMAP4,NM_018326.2,309,341,397,68,249,269,87,63,383,367,561,690
454,Endogenous,HIF1A,NM_181054.2,1046,1647,5119,1354,1003,1479,94,326,5740,4334,2702,4308
455,Endogenous,CDK2,NM_001290230.1,191,517,450,300,352,412,152,183,453,1303,337,663
456,Endogenous,PDCD1,NM_005018.1,32,61,21,26,39,25,31,31,31,25,42,51
457,Endogenous,ATF3,NM_001674.3,418,995,291,157,65,293,54,653,533,3782,1090,764
458,Endogenous,TIE1,NM_005424.4,101,304,262,219,470,346,55,110,375,250,82,251
459,Endogenous,CD44,NM_001001392.1,522,977,1879,770,997,991,169,287,2023,1745,1622,1645
460,Endogenous,ALDOA,NM_000034.3,949,2565,1461,942,688,1023,642,647,2386,8091,5179,4418
461,Endogenous,FAS,NM_000043.3,60,68,116,39,54,87,32,41,77,53,87,74
462,Endogenous,MRE11,NM_001330347.1,271,408,286,114,140,322,196,160,256,844,456,728
463,Endogenous,IL10,NM_000572.2,17,41,81,30,22,25,26,38,38,31,32,51
464,Endogenous,BMP2,NM_001200.3,34,191,213,90,150,62,61,65,422,657,749,213
465,Endogenous,BAX,NM_004324.3,335,731,729,264,382,540,269,161,619,1948,856,819
466,Endogenous,EIF5AL1,NM_001099692.1,8,8,11,10,7,5,29,16,17,16,14,20
467,Endogenous,KIT,NM_000222.2,27,29,29,36,19,50,17,34,97,253,677,217
468,Endogenous,CDK6,NM_001145306.1,86,361,125,79,104,175,64,54,190,324,383,399
469,Endogenous,SPIB,NM_003121.3,11,47,16,11,15,13,22,20,24,103,178,29
470,Endogenous,PFKFB3,NM_004566.3,126,243,607,162,122,49,42,51,199,173,78,153
471,Endogenous,CXCL12,NM_199168.3,360,1171,1161,357,719,632,51,330,343,171,454,87
472,Endogenous,CSF3,NM_000759.3,5,4,12,5,2,8,10,12,14,11,9,14
473,Endogenous,KIR2DL3,NM_015868.2,21,25,18,14,20,18,27,34,23,33,32,50
474,Endogenous,CD40,NM_001250.5,90,172,164,66,160,131,47,44,248,169,417,249
475,Endogenous,IRF1,NM_002198.2,720,1759,786,263,914,448,1669,323,251,1303,1316,1560
476,Endogenous,MGMT,NM_002412.3,128,310,169,91,166,198,68,68,216,771,357,224
477,Endogenous,GLUD1,NM_005271.2,284,901,722,411,440,971,110,266,825,2544,1556,1864
478,Endogenous,IFI35,NM_005533.4,217,583,394,208,300,299,223,101,178,1143,440,588
479,Endogenous,PF4,NM_002619.3,18,45,24,17,11,11,29,17,23,44,43,290
480,Endogenous,GPSM3,NM_001276501.1,123,172,640,102,158,185,46,42,444,295,260,388
481,Endogenous,SLC2A1,NM_006516.2,71,86,43,48,30,46,48,53,44,194,59,106
482,Endogenous,IL2,NM_000586.2,22,14,14,25,13,15,29,23,19,30,26,32
483,Endogenous,SNAI1,NM_005985.3,74,146,173,187,113,89,70,65,198,138,76,248
484,Endogenous,CTNNB1,NM_001098209.1,820,2421,1438,1005,1122,1811,207,625,2802,9425,4358,5009
485,Endogenous,NOTCH2,NM_024408.3,236,642,557,223,186,538,56,218,537,1784,986,733
486,Endogenous,NFKB2,NM_001077494.3,293,1024,1196,531,791,374,191,182,505,1133,463,1579
487,Endogenous,IL33,NM_033439.3,52,194,149,116,101,76,33,47,600,351,644,254
488,Endogenous,TREM2,NM_018965.3,22,67,39,39,22,36,22,23,133,74,60,131
489,Endogenous,LAMC2,NM_005562.2,20,355,57,161,13,261,55,66,376,4396,290,528
490,Endogenous,AQP9,NM_001320635.1,19,34,978,140,225,34,26,32,659,93,40,162
491,Endogenous,PRKCA,NM_002737.2,226,524,209,168,132,328,158,66,225,1467,415,1233
492,Endogenous,TSLP,NM_033035.4,24,32,15,29,21,30,21,18,30,37,80,31
493,Endogenous,HLA-DOB,NM_002120.3,106,170,39,19,65,103,32,37,31,111,220,238
494,Endogenous,ANGPTL4,NM_001039667.2,161,143,432,332,157,36,36,117,262,75,70,41
495,Endogenous,TNFRSF25,NM_148970.1,142,505,175,158,351,87,67,156,84,288,161,212
496,Endogenous,MS4A4A,NM_001243266.1,169,139,346,94,65,273,34,36,443,192,579,263
497,Endogenous,CLEC5A,NM_013252.2,17,21,61,43,18,31,23,15,206,41,35,98
498,Endogenous,ITGAM,NM_000632.3,43,50,168,38,48,49,29,42,111,53,76,73
499,Endogenous,MMP9,NM_004994.2,12,77,466,69,255,77,31,33,1201,65,143,139
500,Endogenous,CD7,NM_006137.6,61,190,92,57,114,38,54,52,164,133,98,215
501,Endogenous,VHL,NM_198156.1,47,116,46,54,39,56,36,43,59,212,74,133
502,Endogenous,OLFML2B,NM_015441.1,46,118,183,86,105,136,28,49,388,105,129,240
503,Endogenous,IL6,NM_000600.3,273,694,8898,1484,789,75,28,433,1457,202,72,1577
504,Endogenous,TNFRSF1A,NM_001065.2,439,976,1321,601,499,774,494,265,867,1953,1150,1237
505,Endogenous,DKK1,NM_012242.2,16,21,12,40,7,8,13,38,27,482,43,196
506,Endogenous,FANCA,NM_001018112.1,55,244,66,62,82,55,59,32,63,521,82,245
507,Endogenous,TNF,NM_000594.3,20,25,19,17,22,25,20,20,29,27,49,47
508,Endogenous,LTB,NM_002341.1,180,471,306,95,308,83,90,41,135,208,264,255
509,Endogenous,PPARGC1B,NM_001172699.1,69,217,66,46,46,73,155,53,45,297,116,120
510,Endogenous,RPS6KB1,NM_001272042.1,49,105,111,52,75,132,45,64,128,261,199,280
511,Endogenous,CD38,NM_001775.2,119,384,66,24,134,79,55,32,36,265,115,544
512,Endogenous,DTX3L,NM_138287.3,135,390,298,127,158,342,106,50,338,1897,952,1316
513,Endogenous,TMEM173,NM_198282.1,495,577,754,294,392,616,49,232,845,787,616,1103
514,Endogenous,NEIL1,NM_024608.2,81,124,64,35,69,81,52,49,49,192,87,104
515,Endogenous,HELLS,NM_001289067.1,202,333,159,122,176,184,70,67,145,534,205,549
516,Endogenous,TGFBR1,NM_001130916.2,65,288,174,190,69,350,27,82,1102,1179,1983,1154
517,Endogenous,MB21D1,NM_138441.2,79,176,179,47,88,170,51,39,170,710,247,416
518,Endogenous,CCR2,NM_001123041.2,21,40,31,17,29,37,30,20,71,65,84,121
519,Endogenous,MSH2,NM_000251.1,25,97,24,18,31,65,23,30,156,422,345,344
520,Endogenous,RAD51,NM_133487.3,17,26,15,19,16,12,22,30,32,157,62,136
521,Endogenous,TNFRSF18,NM_148901.1,19,42,33,24,50,17,26,19,53,33,28,49
522,Endogenous,FCGR3A/B,NM_000570.4,77,57,933,112,150,83,26,38,609,196,130,323
523,Endogenous,STAT1,NM_007315.3,252,764,363,95,272,346,169,93,365,1329,1201,1389
524,Endogenous,CTSS,NM_004079.3,182,836,1086,274,395,487,150,72,2344,8983,4097,3961
525,Endogenous,PDK1,NM_002610.3,128,259,92,52,108,267,44,48,140,547,398,1220
526,Endogenous,ITGAV,NM_001144999.2,596,1883,1177,782,704,1751,272,318,2541,3245,2755,2821
527,Endogenous,ANGPT1,NM_001199859.1,19,23,27,18,12,33,16,30,138,39,131,66
528,Endogenous,BCL6B,NM_181844.3,51,57,90,63,66,85,30,50,114,89,65,94
529,Endogenous,CDH2,NM_001792.3,17,57,48,80,25,82,20,32,88,16,458,38
530,Endogenous,CSF3R,NM_000760.3,96,129,3046,534,764,66,63,64,728,258,70,404
531,Endogenous,RELB,NM_006509.3,115,336,233,109,195,107,92,61,202,336,243,281
532,Endogenous,CXCL16,NM_001100812.1,29,104,174,46,31,48,32,31,255,1460,343,333
533,Endogenous,IL6R,NM_000565.3,119,347,317,144,247,122,197,94,119,369,143,259
534,Endogenous,PDGFA,NM_033023.4,56,178,103,76,99,92,66,71,135,92,154,493
535,Endogenous,PIK3R1,NM_001242466.1,266,232,223,109,120,353,40,62,497,252,559,214
536,Endogenous,HK1,NM_000188.2,69,265,195,130,122,195,82,90,323,817,581,573
537,Endogenous,AXL,NM_001699.4,137,531,294,299,287,343,36,141,248,280,332,304
538,Endogenous,HK2,NM_000189.4,45,166,170,92,41,42,61,39,69,516,106,532
539,Endogenous,PDGFRB,NM_002609.3,714,1065,1345,562,707,1615,55,490,1259,649,629,1290
540,Endogenous,FADD,NM_003824.3,49,142,97,56,48,112,67,26,87,485,153,414
541,Endogenous,CD74,NM_001025159.2,4929,5214,8375,2699,3720,7954,665,885,9305,8797,21131,13164
542,Endogenous,RIPK2,NM_003821.5,54,120,142,62,67,127,34,40,283,340,292,308
543,Endogenous,CD45RB,ENST00000367367.1,47,85,194,31,62,69,38,29,214,83,111,189
544,Endogenous,BAD,NM_004322.3,46,122,140,58,70,96,58,48,104,270,171,230
545,Endogenous,PKM,NM_001206796.2,458,1689,1598,971,906,1686,145,550,3186,6721,4033,4330
546,Endogenous,KLRB1,NM_002258.2,14,85,36,26,53,20,33,26,67,86,163,168
547,Endogenous,ADORA2A,NM_000675.5,16,21,22,15,16,19,17,17,25,31,26,52
548,Endogenous,IFIT1,NM_001270930.1,27,127,171,44,39,204,34,23,82,182,187,53
549,Endogenous,UBE2T,NM_014176.1,21,48,21,16,19,29,24,26,51,267,58,65
550,Endogenous,RPL23,NM_000978.3,1744,5265,4044,2313,2670,6886,408,1651,10855,36382,28138,26479
551,Endogenous,ARG2,NM_001172.3,24,43,17,24,12,16,20,41,45,159,74,83
552,Endogenous,TGFBR2,NM_001024847.2,123,300,252,115,143,346,52,71,693,1622,1706,1418
553,Endogenous,CRABP2,NM_001199723.1,27,86,229,58,45,680,22,609,337,111,59,291
554,Endogenous,BLK,NM_001330465.1,16,59,10,12,25,12,11,13,6,24,13,28
555,Endogenous,CCL14,NM_032962.4,78,268,148,51,178,170,20,87,423,130,235,68
556,Endogenous,CCNB1,NM_031966.2,27,167,23,18,31,61,8,30,130,1087,301,512
557,Endogenous,STAT2,NM_005419.2,1706,2231,1799,802,1123,1609,483,301,626,1217,907,1611
558,Endogenous,IKBKB,NM_001190720.2,395,979,467,344,373,237,460,182,99,621,186,278
559,Endogenous,ZEB2,NM_001171653.1,770,650,813,351,267,1228,38,243,1145,540,2445,787
560,Endogenous,LRRC32,NM_005512.2,65,215,228,84,114,300,16,46,245,151,148,371
561,Endogenous,IL22RA1,NM_021258.2,19,45,21,22,17,15,21,21,15,538,58,78
562,Endogenous,ELOB,NM_007108.2,31,48,23,22,20,38,20,25,32,151,143,114
563,Endogenous,ITGA1,NM_181501.1,249,157,225,107,142,335,28,104,612,279,864,460
564,Endogenous,IL24,NM_001185158.1,10,22,1182,103,103,12,9,17,489,24,15,121
565,Endogenous,PVRIG,NM_024070.3,39,72,34,27,30,26,14,22,23,64,39,48
566,Endogenous,RB1,NM_000321.2,208,281,223,132,147,246,48,85,467,1541,988,1062
567,Endogenous,SRP54,NM_001146282.1,57,187,107,56,63,187,22,42,171,710,361,609
568,Endogenous,ICAM3,NM_002162.3,102,190,430,90,207,160,31,42,306,349,226,511
569,Endogenous,CCR5,NM_000579.3,22,29,17,14,10,15,10,9,52,40,99,89
570,Endogenous,CTLA4,NM_001037631.2,143,278,200,62,393,44,22,41,176,156,68,270
571,Endogenous,GLS,NM_014905.4,354,586,308,317,263,289,167,238,123,252,135,220
572,Endogenous,ITGAE,NM_002208.4,45,63,59,33,44,69,17,18,148,314,233,261
573,Endogenous,MET,NM_000245.2,34,184,24,34,22,62,38,32,84,1723,364,774
574,Endogenous,WNT3A,NM_033131.3,10,10,13,9,12,9,7,9,12,20,10,14
575,Endogenous,TYMP,NM_001113755.2,468,809,1347,376,631,539,202,112,1120,949,607,852
576,Endogenous,IFI16,NM_001206567.1,187,300,277,107,134,406,30,53,522,229,885,670
577,Endogenous,PVR,NM_001135768.2,99,344,198,145,92,95,78,79,114,457,84,194
578,Endogenous,P4HA2,NM_001017973.1,39,92,74,34,33,127,6,19,175,265,395,186
579,Endogenous,BRIP1,NM_032043.2,25,61,23,25,39,66,13,20,85,299,64,151
580,Endogenous,ESR1,NM_000125.2,64,83,46,11,45,58,14,28,31,47,58,45
581,Endogenous,DAB2,NM_001244871.1,87,132,180,41,57,296,16,46,295,126,386,148
582,Endogenous,DUSP1,NM_004417.3,162,1591,1614,1126,601,1233,26,1267,9712,7011,6954,4134
583,Endogenous,CD8B,NM_172213.2,83,53,20,16,19,20,20,24,18,81,62,67
584,Endogenous,ACVR1C,NM_145259.2,11,2,16,5,9,13,5,7,15,27,26,17
585,Endogenous,IL15,NM_000585.4,45,73,40,27,29,50,16,12,90,128,114,132
586,Endogenous,KIR3DL1,NM_001322168.1,21,6,7,9,16,9,10,14,14,18,14,31
587,Endogenous,CDH1,NM_004360.3,12,798,18,72,13,128,190,166,110,6238,1566,1934
588,Endogenous,HES1,NM_005524.2,79,484,137,71,29,72,217,87,101,979,447,480
589,Endogenous,IHH,NM_002181.2,15,35,17,15,10,12,23,14,11,245,129,79
590,Endogenous,CCL19,NM_006274.2,80,848,62,36,101,17,10,126,76,163,420,251
591,Endogenous,C2,NM_000063.5,108,130,286,58,61,204,27,23,65,98,54,101
592,Endogenous,TLR7,NM_016562.3,8,15,13,12,14,22,6,17,18,29,35,40
593,Endogenous,IL2RA,NM_000417.2,26,62,70,32,61,34,10,10,110,66,39,100
594,Endogenous,PRKAA2,NM_006252.3,14,7,6,11,9,22,13,20,25,16,110,43
595,Endogenous,COL11A2,NM_001163771.1,24,46,22,35,17,17,14,19,13,45,15,20
596,Endogenous,TNFRSF10D,NM_003840.4,52,114,224,93,128,41,21,62,118,172,62,100
597,Endogenous,SIGLEC8,NM_014442.2,10,7,7,6,8,11,8,5,7,7,13,5
598,Endogenous,PC,NM_000920.3,158,167,205,189,88,78,78,126,86,862,111,164
599,Endogenous,IL17A,NM_002190.2,15,7,17,15,7,7,7,14,13,14,19,31
600,Endogenous,GLI1,NM_005269.2,20,24,12,9,12,14,8,17,15,32,35,65
601,Endogenous,GNG4,NM_001098721.1,13,8,5,8,10,6,5,6,12,16,21,8
602,Endogenous,LDHB,NM_001174097.2,314,1104,498,378,446,714,74,214,2166,2333,4886,3103
603,Endogenous,DTX4,NM_015177.1,35,112,56,20,30,53,49,20,52,506,85,293
604,Endogenous,CD3G,NM_000073.2,14,31,12,5,17,10,8,12,27,44,59,106
605,Endogenous,S100A8,NM_002964.4,84,65,6313,521,998,1500,103,9277,3471,449,528,834
606,Endogenous,ZC3H12A,NM_025079.2,31,167,215,65,100,43,44,35,87,603,83,313
607,Endogenous,IER3,NM_003897.3,272,1006,4081,1530,675,287,203,1225,816,2372,424,1020
608,Endogenous,CD4,NM_000616.4,43,61,77,22,37,52,16,22,81,37,64,57
609,Endogenous,S100A12,NM_005621.1,11,14,289,24,65,22,13,40,271,39,67,51
610,Endogenous,CD6,NM_001254751.1,68,122,26,7,65,15,27,9,18,81,26,32
611,Endogenous,CD163,NM_203416.2,385,578,1563,459,942,622,91,110,846,297,419,456
612,Endogenous,DUSP2,NM_004418.3,77,56,34,16,17,14,11,39,23,94,26,42
613,Endogenous,HERC6,NM_001165136.1,73,187,89,38,76,198,99,55,45,333,112,159
614,Endogenous,MRC1,NM_002438.2,88,147,435,107,86,371,23,58,564,109,560,156
615,Endogenous,DLL4,NM_019074.2,56,52,174,61,65,90,8,25,66,102,31,193
616,Endogenous,SAMSN1,NM_001256370.1,227,395,1261,234,434,216,23,73,1167,647,328,477
617,Endogenous,CD28,NM_001243077.1,51,74,61,16,48,51,9,20,77,51,66,109
618,Endogenous,TAP2,NM_018833.2,132,344,330,102,176,247,90,65,238,831,465,720
619,Endogenous,ICOS,NM_012092.3,14,17,13,10,14,14,9,7,56,33,16,56
620,Endogenous,TNFSF12,NM_003809.2,190,244,281,119,94,275,31,66,300,227,597,270
621,Endogenous,IFITM2,NM_006435.2,601,1320,3928,804,1023,1016,67,284,3305,1714,1746,3754
622,Endogenous,DNMT1,NM_001130823.2,403,733,662,241,418,477,181,186,383,972,379,645
623,Endogenous,TNFSF8,NM_001244.3,27,45,61,15,25,33,7,11,66,36,52,45
624,Endogenous,TGFB2,NM_001135599.3,22,29,26,31,16,41,14,12,80,109,199,154
625,Endogenous,TMEM140,NM_018295.3,112,266,201,91,143,173,29,33,99,208,141,194
626,Endogenous,COL11A1,NM_001854.3,12,13,49,57,19,78,6,4,125,14,10,40
627,Endogenous,GIMAP6,NR_024115.1,23,33,40,9,32,45,9,10,88,55,98,71
628,Endogenous,IRF4,NM_002460.1,536,1004,265,208,1214,366,648,170,311,447,112,1264
629,Endogenous,BNIP3,NM_004052.3,231,187,263,172,122,135,105,106,120,115,129,130
630,Endogenous,FPR3,NM_002030.4,78,135,146,60,74,151,15,31,508,165,272,308
631,Endogenous,HLA-C,NM_002117.4,954,3976,3568,1014,3070,2014,730,477,1833,10007,5331,4290
632,Endogenous,VEGFC,NM_005429.4,79,159,104,57,66,156,6,35,198,87,163,75
633,Endogenous,SIGLEC1,NM_023068.3,121,213,310,89,88,146,55,51,47,76,122,61
634,Endogenous,BID,NM_001196.3,17,25,29,15,19,19,10,6,63,317,112,177
635,Endogenous,MAPK10,NM_001318067.1,52,34,42,28,41,70,5,25,32,26,135,29
636,Endogenous,FCN1,NM_002003.4,63,60,595,104,179,108,21,19,611,153,201,195
637,Endogenous,H2AFX,NM_002105.2,10,14,22,11,11,14,2,15,54,198,83,163
638,Endogenous,CBLC,NM_001130852.1,17,82,9,13,10,15,38,18,12,230,63,68
639,Endogenous,CASP3,NM_032991.2,30,114,68,44,46,89,20,44,232,1331,480,961
640,Endogenous,PIAS4,NM_015897.2,157,399,189,141,239,198,264,79,130,407,218,246
641,Endogenous,HLA-DRA,NM_019111.3,349,1081,1040,368,595,1052,122,169,4146,2701,11591,3909
642,Endogenous,ULBP2,NM_025217.2,15,15,20,11,11,24,16,15,25,74,25,45
643,Endogenous,CASP1,NM_001223.4,243,394,653,179,257,284,128,67,307,443,624,581
644,Endogenous,MS4A2,NM_000139.3,49,39,21,18,19,58,5,27,30,93,56,47
645,Endogenous,HSD11B1,NM_181755.2,45,142,330,90,223,43,16,13,426,41,64,267
646,Endogenous,GAS1,NM_002048.2,38,37,379,145,142,169,13,31,214,23,46,59
647,Endogenous,FUT4,NM_002033.3,64,205,79,46,55,76,108,37,52,646,137,332
648,Endogenous,CSF1,NM_000757.5,81,159,206,95,86,104,41,64,138,198,172,150
649,Endogenous,FAM30A,NR_026800.2,44,276,13,6,180,207,19,22,14,117,22,328
650,Endogenous,ITPK1,NM_001142593.2,111,279,175,113,84,125,86,73,255,1252,478,530
651,Endogenous,BCAT1,NM_005504.6,20,30,86,38,52,112,8,14,277,39,83,264
652,Endogenous,CD80,NM_005191.3,63,166,257,71,142,99,16,17,200,133,53,194
653,Endogenous,C1QB,NM_000491.3,70,168,229,56,62,223,19,39,321,265,564,399
654,Endogenous,RELN,NM_005045.3,10,18,7,8,5,10,7,7,13,14,42,18
655,Endogenous,ICAM5,NM_003259.3,18,15,19,22,12,11,5,5,10,7,10,17
656,Endogenous,MAML2,NM_032427.1,60,80,84,48,35,103,21,29,98,102,176,169
657,Endogenous,OLR1,NM_002543.3,15,40,24,30,18,20,8,16,99,38,33,73
658,Endogenous,NFKBIE,NM_004556.2,15,39,67,16,37,35,17,13,75,157,114,160
659,Endogenous,WNT11,XM_011545241.2,9,35,10,8,12,26,6,6,15,14,8,10
660,Endogenous,LILRA3,NM_001172654.2,24,30,18,46,29,26,13,16,236,27,28,115
661,Endogenous,TNFSF13B,NM_001145645.2,48,40,106,20,23,71,11,15,88,80,82,80
662,Endogenous,TDO2,NM_005651.3,463,368,2557,369,1189,133,13,24,1907,237,56,229
663,Endogenous,MAP3K5,NM_005923.3,167,360,523,163,222,196,85,97,188,461,286,247
664,Endogenous,HLA-F,NM_001098479.1,1742,4227,3655,1396,3098,1037,4487,544,509,3648,986,1573
665,Endogenous,CD3E,NM_000733.3,46,67,24,18,38,21,7,12,53,74,74,106
666,Endogenous,RRM2,NM_001034.1,97,516,205,149,297,191,95,78,293,2586,438,1729
667,Endogenous,C7,NM_000587.2,190,185,72,81,24,126,9,86,72,27,3768,64
668,Endogenous,TNFRSF14,NM_003820.3,463,675,350,138,164,410,155,69,178,977,411,538
669,Endogenous,FCGRT,NM_004107.4,603,1322,1369,478,750,1137,199,274,997,2037,1702,1112
670,Endogenous,WNT2,NM_003391.2,10,12,24,9,10,32,2,12,49,22,11,83
671,Endogenous,MICB,NM_005931.3,28,37,43,13,38,48,10,9,69,58,70,194
672,Endogenous,HMGA1,NM_145902.2,28,129,59,77,31,172,38,102,222,2519,318,582
673,Endogenous,IL21R,NM_021798.3,13,24,13,15,18,12,6,8,27,22,17,32
674,Endogenous,CD300A,NM_001256841.1,92,89,156,38,56,56,22,18,171,97,94,203
675,Endogenous,TWIST1,NM_000474.3,70,104,134,119,104,118,8,55,66,51,8,41
676,Endogenous,IL1RN,NM_000577.3,16,84,825,166,79,20,86,564,208,255,61,112
677,Endogenous,CXCL1,NM_001511.3,30,60,2036,105,227,67,26,47,3732,843,449,4615
678,Endogenous,SFXN1,NM_001322977.1,163,270,175,102,95,167,49,36,207,925,370,507
679,Endogenous,GNLY,NM_012483.3,83,120,125,18,235,57,75,20,102,270,137,304
680,Endogenous,NID2,NM_007361.3,257,279,508,269,356,793,30,174,748,282,338,525
681,Endogenous,NECTIN1,NM_002855.4,28,83,47,29,34,106,17,78,98,558,121,165
682,Endogenous,SERPINA1,NM_001127702.1,153,619,837,572,222,136,32,17,815,5773,1247,3751
683,Endogenous,PDGFB,NM_002608.2,25,67,47,33,49,58,9,18,85,65,47,51
684,Endogenous,HLA-B,NM_005514.6,9133,19719,13263,5061,14476,14916,2047,1952,12738,52345,25688,26018
685,Endogenous,VCAM1,NM_001078.3,193,349,341,148,180,873,13,107,754,301,817,684
686,Endogenous,HLA-DPB1,NM_002121.5,202,670,451,188,379,577,52,85,2160,1307,6279,1955
687,Endogenous,HLA-DOA,NM_002119.3,27,32,23,26,24,22,24,14,40,34,139,54
688,Endogenous,GBP2,NM_004120.4,483,760,584,277,602,387,199,231,495,1066,1446,735
689,Endogenous,ATM,NM_000051.3,946,1360,772,360,580,807,224,282,431,1012,943,1686
690,Endogenous,PSMB8,NM_004159.4,151,400,306,90,181,313,151,45,320,2040,997,1029
691,Endogenous,MLH1,NM_000249.2,209,372,213,112,185,204,53,71,191,518,326,556
692,Endogenous,PLA1A,NM_015900.2,53,57,44,18,38,48,14,15,72,64,145,126
693,Endogenous,NT5E,NM_002526.3,15,64,57,34,20,93,7,15,133,676,317,142
694,Endogenous,PALMD,NM_017734.4,150,275,216,71,179,244,15,105,210,174,109,117
695,Endogenous,UBA7,NM_003335.2,412,782,344,221,344,353,437,252,112,757,336,429
696,Endogenous,PIK3CD,NM_001350234.1,274,338,381,166,271,92,55,58,109,146,141,231
697,Endogenous,NOD2,NM_022162.1,30,42,107,25,39,55,12,28,83,53,38,152
698,Endogenous,CEACAM3,NM_001277163.2,20,23,117,31,38,19,1,13,69,19,21,46
699,Endogenous,RIPK3,NM_006871.3,59,247,88,34,34,57,82,21,59,323,123,227
700,Endogenous,IL1R2,NR_048564.1,34,90,2072,328,354,51,116,39,649,658,183,361
701,Endogenous,JAK1,NM_002227.1,313,751,476,331,360,362,206,115,589,1046,623,653
702,Endogenous,ENO1,NM_001428.3,226,1277,659,455,435,748,92,391,2406,5556,3370,4003
703,Endogenous,LILRA1,NM_001278318.1,32,20,77,27,24,24,10,16,100,38,29,58
704,Endogenous,BBS1,NM_024649.4,72,97,64,53,36,60,26,37,61,194,290,186
705,Endogenous,MYD88,NM_002468.3,76,215,466,90,123,226,104,86,543,1194,572,1198
706,Endogenous,CXCR3,NM_001142797.1,20,35,22,15,23,21,15,14,30,51,30,45
707,Endogenous,CD1C,NM_001765.2,53,54,17,17,8,19,15,15,35,24,123,27
708,Endogenous,TLR9,NM_017442.2,18,19,13,20,12,13,15,12,17,31,19,44
709,Endogenous,CCL7,NM_006273.3,7,13,47,19,40,7,6,7,87,17,10,49
710,Endogenous,CPA3,NM_001870.2,47,49,14,62,24,87,10,40,347,426,774,304
711,Endogenous,SH2D1A,NM_001114937.2,159,96,47,21,112,44,14,12,37,71,96,153
712,Endogenous,CCR4,NM_005508.4,26,28,22,12,64,15,13,14,108,71,79,103
713,Endogenous,HDAC4,NM_006037.3,59,87,90,55,48,92,22,53,150,243,257,141
714,Endogenous,POLD1,NM_001256849.1,42,85,64,38,60,45,40,21,44,105,41,73
715,Endogenous,PTPN11,NM_001330437.1,895,2065,1743,1059,1098,1720,552,446,1291,3103,1424,1433
716,Endogenous,JAK2,NM_004972.2,868,1225,1166,394,661,561,909,201,368,1656,855,707
717,Endogenous,WNT10A,NM_025216.2,9,24,12,6,14,30,9,17,19,90,26,40
718,Endogenous,ITGB2,NM_000211.3,196,171,845,80,181,295,41,62,802,277,403,487
719,Endogenous,TYMS,NM_001071.1,110,329,201,105,140,188,46,66,170,1512,347,724
720,Endogenous,KAT2B,NM_003884.4,372,771,411,185,309,441,165,196,284,1076,748,770
721,Endogenous,ITGA6,NM_001316306.1,100,503,100,140,122,297,66,101,285,7337,1936,2114
722,Endogenous,TBX21,NM_013351.1,31,39,23,11,14,23,9,18,25,35,31,36
723,Endogenous,BRCA1,NM_007294.3,21,25,28,17,10,24,8,18,45,299,77,178
724,Endogenous,COL17A1,NM_000494.3,16,184,38,27,34,183,157,137,31,453,116,44
725,Endogenous,BIRC3,NM_001165.4,14,26,45,20,37,22,9,18,41,62,42,76
726,Endogenous,KRAS,NM_004985.3,35,83,75,47,32,104,19,49,274,10432,529,1233
727,Endogenous,IL11RA,NM_147162.1,110,135,65,56,70,74,53,61,34,107,103,63
728,Endogenous,SIRPA,NM_001040023.1,16,41,61,40,23,68,14,17,218,297,219,113
729,Endogenous,CEBPB,NM_005194.3,473,2863,4095,1830,1923,612,87,460,4088,4741,855,3409
730,Endogenous,VTCN1,NM_001253849.1,19,21,17,12,15,17,6,15,30,160,73,119
731,Endogenous,SGK1,NM_005627.3,424,5887,6778,3849,2558,1445,761,1163,3396,8448,705,3789
732,Endogenous,NLRC5,NM_032206.4,239,405,152,76,161,124,240,70,63,279,114,192
733,Endogenous,CCL8,NM_005623.2,66,82,75,33,54,156,3,42,125,62,96,231
734,Endogenous,TRAF1,NM_001190945.1,202,408,262,122,275,112,75,94,100,159,210,274
735,Endogenous,ADAM12,NM_003474.5,39,93,454,397,324,551,8,18,922,72,27,175
736,Endogenous,MMRN2,NM_024756.2,24,147,128,63,142,158,9,49,294,126,182,151
737,Endogenous,PTGS2,NM_000963.1,25,105,223,118,91,28,7,78,318,119,179,190
738,Endogenous,SMAD5,NM_005903.5,25,71,34,44,32,184,8,33,270,405,657,276
739,Endogenous,LCK,NM_005356.4,62,61,22,14,41,24,13,16,70,206,123,155
740,Endogenous,ITGB3,NM_000212.2,9,47,76,40,24,36,6,27,213,78,81,79
741,Endogenous,FCGR2B,NM_001002273.1,69,141,246,39,48,150,11,32,152,97,236,222
742,Endogenous,NRAS,NM_002524.4,101,395,312,113,144,496,94,67,451,3317,699,1001
743,Endogenous,IL34,NM_001172771.1,29,21,25,19,15,19,9,16,47,39,60,33
744,Endogenous,LAMA1,NM_005559.3,6,12,16,8,9,31,6,8,64,18,11,19
745,Endogenous,CLEC4E,NM_014358.3,6,10,35,15,17,6,8,13,48,16,15,15
746,Endogenous,IL18R1,NM_001282399.1,40,127,139,50,56,57,20,19,82,245,134,99
747,Endogenous,MFNG,NM_002405.3,35,80,76,28,89,61,13,22,79,99,50,76
748,Endogenous,TTC30A,NM_152275.3,13,25,7,12,10,11,7,6,48,356,148,165
749,Endogenous,TNFRSF10C,NM_003841.3,27,39,835,71,163,48,10,30,329,79,102,91
750,Positive,POS_C(8),ERCC_00002.1,3703,3355,3066,3322,3289,3011,3566,3728,2227,3172,2658,3495
751,Positive,POS_A(128),ERCC_00117.1,38850,34413,30726,33566,31705,29409,36551,36792,20517,30181,25052,32962
752,Positive,POS_F(0.125),ERCC_00034.1,54,52,43,59,68,39,50,56,43,57,47,45
753,Positive,POS_D(2),ERCC_00092.1,809,754,736,759,745,731,820,843,474,737,611,806
754,Positive,POS_B(32),ERCC_00112.1,12461,11651,10700,11659,11099,10457,12036,12619,7339,10893,9134,12041
755,Positive,POS_E(0.5),ERCC_00035.1,137,132,113,115,125,124,146,117,90,124,111,148
756,Negative,NEG_C(0),ERCC_00019.1,15,18,10,11,10,17,15,15,13,19,9,14
757,Negative,NEG_D(0),ERCC_00076.1,10,16,14,12,12,6,13,8,8,6,24,13
758,Negative,NEG_E(0),ERCC_00098.1,18,10,9,12,12,8,10,9,7,17,8,7
759,Negative,NEG_A(0),ERCC_00096.1,11,7,5,11,5,4,11,8,11,6,7,9
760,Negative,NEG_H(0),ERCC_00154.1,14,17,11,9,14,15,15,14,15,12,20,26
761,Negative,NEG_G(0),ERCC_00144.1,13,11,18,11,8,12,16,23,13,17,19,23
762,Negative,NEG_F(0),ERCC_00126.1,22,18,17,15,15,15,11,22,23,25,10,23
763,Negative,NEG_B(0),ERCC_00041.1,9,4,8,7,5,10,4,9,12,7,10,10
764,Housekeeping,UBB,NM_018955.3,170,1429,497,444,531,986,234,380,3393,22078,13006,7884
765,Housekeeping,PUM1,NM_001020658.1,210,312,188,93,86,268,67,58,205,864,473,428
766,Housekeeping,TLK2,NM_006852.3,57,90,100,62,48,125,28,33,188,718,364,348
767,Housekeeping,DNAJC14,NM_032364.5,153,368,316,104,174,203,124,79,259,744,240,392
768,Housekeeping,SF3A1,NM_005877.4,110,282,256,94,103,227,40,75,266,839,620,477
769,Housekeeping,POLR2A,NM_000937.2,468,1532,1058,449,781,820,225,438,741,2115,792,1261
770,Housekeeping,SDHA,NM_004168.3,231,683,420,261,252,438,348,168,282,2016,933,740
771,Housekeeping,STK11IP,NM_052902.2,41,109,68,48,46,43,24,17,45,200,57,105
772,Housekeeping,NRDE2,NM_017970.3,97,174,98,54,66,91,44,46,83,346,188,284
773,Housekeeping,TBP,NM_001172085.1,66,124,91,33,53,122,20,26,139,692,297,251
774,Housekeeping,OAZ1,NM_004152.2,79,532,390,205,251,466,71,181,2051,5047,4032,3189
775,Housekeeping,TBC1D10B,NM_015527.3,17,43,49,31,36,34,10,12,94,214,63,96
776,Housekeeping,GUSB,NM_000181.1,93,264,147,81,98,133,98,60,145,516,391,350
777,Housekeeping,PSMC4,NM_006503.2,32,118,57,41,56,78,41,52,192,624,399,295
778,Housekeeping,TFRC,NM_003234.1,88,384,261,86,73,103,39,37,351,1813,436,996
779,Housekeeping,ABCF1,NM_001090.2,161,279,235,89,110,219,147,90,214,819,359,356
780,Housekeeping,TMUB2,NM_177441.2,79,231,157,63,94,166,82,67,160,696,257,340
781,Housekeeping,MRPL19,NM_014763.3,132,287,205,106,120,229,63,39,286,1075,588,889
782,Housekeeping,G6PD,NM_000402.4,87,186,255,108,142,101,37,63,182,836,205,738
783,Housekeeping,ERCC3,NM_000122.1,281,493,277,129,136,378,55,78,279,1143,603,651
